First Name,Last Name,Position,Jersey,Team,Games Played,Points,Scoring Points,Total Goals,1Pt Goals,2Pt Goals,Assists,Shots,Shooting %,Shots On Goal,Shots On Goal %,2Pt Shots,2Pt Shots %,2Pt Shots On Goal,2Pt Shots On Goal %,Turnovers,Caused Turnovers,Groundballs,Touches,Passes,Faceoff %,Faceoffs Won,Faceoffs Lost,Faceoffs,Scores Against Average,Saves,Save %,Clean Saves,Clean Save %,Scores Against,2Pt Goals Against,Penalties,Penalties (in minutes),Power Play Goals,Power Play Shots,Power Play Goals Against,Short Handed Goals,Short Handed Shots,Unassisted Goals,Assisted Goals
Connor,Shellenberger,A,1.0,Atlas,10,46,23,23,23,0,23,48,0.4791666666666667,37,0.7708333333333334,0,0.0,0,0.0,15,1,12,361,298,0.0,0,0,0,0.0,0,0.0,0,0.0,0,0,2,2.0,1,1,0,0,0,12,11
Michael,Sowers,A,22.0,Waterdogs,10,41,18,18,18,0,23,65,0.2769230769230769,50,0.7692307692307693,1,0.0,1,1.0,25,0,8,325,235,0.0,0,0,0,0.0,0,0.0,0,0.0,0,0,0,0.0,1,1,0,0,0,14,4
Jeff,Teat,A,7.0,Atlas,10,40,17,17,17,0,23,69,0.2463768115942029,42,0.6086956521739131,2,0.0,2,1.0,23,1,18,376,284,0.0,0,0,0,0.0,0,0.0,0,0.0,0,0,0,0.0,1,4,0,0,0,9,8
Pat,Kavanagh,A,51.0,Outlaws,10,37,21,21,21,0,16,90,0.2333333333333333,60,0.6666666666666666,2,0.0,0,0.0,24,5,22,454,340,0.0,0,0,0,0.0,0,0.0,0,0.0,0,0,7,5.0,0,5,0,0,0,9,12
Chris,Kavanagh,A,96.0,Redwoods,10,37,25,23,21,2,12,78,0.2948717948717949,51,0.6538461538461539,7,0.2857142857142857,7,1.0,12,4,23,405,315,0.0,0,0,0,0.0,0,0.0,0,0.0,0,0,1,2.0,0,1,0,0,0,11,12
Asher,Nolting,A,32.0,Cannons,10,36,10,10,10,0,26,37,0.2702702702702703,23,0.6216216216216216,0,0.0,0,0.0,22,2,11,292,233,0.0,0,0,0,0.0,0,0.0,0,0.0,0,0,2,2.0,0,0,0,0,0,6,4
Brennan,O'Neill,A,42.0,Outlaws,10,34,26,23,20,3,8,85,0.2705882352941176,49,0.5764705882352941,10,0.3,3,0.3,12,1,17,365,268,0.0,0,0,0,0.0,0,0.0,0,0.0,0,0,0,0.0,1,9,0,0,0,18,5
TJ,Malone,A,7.0,Whipsnakes,10,33,19,18,17,1,14,62,0.2903225806451613,42,0.6774193548387096,2,0.5,2,1.0,15,1,11,314,237,0.0,0,0,0,0.0,0,0.0,0,0.0,0,0,0,0.0,1,2,0,0,0,11,7
Dylan,Molloy,A,4.0,Redwoods,10,32,27,26,25,1,5,87,0.2988505747126437,51,0.5862068965517241,4,0.25,2,0.5,17,2,16,301,197,0.0,0,0,0,0.0,0,0.0,0,0.0,0,0,3,1.5,3,10,0,0,0,11,15
Kieran,McArdle,A,6.0,Waterdogs,10,31,19,19,19,0,12,52,0.3653846153846153,40,0.7692307692307693,0,0.0,0,0.0,23,0,12,284,209,0.0,0,0,0,0.0,0,0.0,0,0.0,0,0,1,1.0,3,5,0,0,0,6,13
Aidan,Carroll,A,12.0,Whipsnakes,10,29,21,21,21,0,8,55,0.3818181818181818,42,0.7636363636363637,1,0.0,0,0.0,13,1,6,294,226,0.0,0,0,0,0.0,0,0.0,0,0.0,0,0,2,1.5,1,3,0,0,0,9,12
Jackson,Eicher,A,19.0,Chaos,10,28,19,18,17,1,9,70,0.2571428571428571,41,0.5857142857142857,9,0.1111111111111111,7,0.7777777777777778,16,0,6,228,142,0.0,0,0,0,0.0,0,0.0,0,0.0,0,0,1,0.5,2,5,0,0,0,6,12
Matt,Campbell,M,20.0,Cannons,10,28,20,18,16,2,8,63,0.2857142857142857,43,0.6825396825396826,15,0.1333333333333333,9,0.6,8,0,6,280,209,0.0,0,0,0,0.0,0,0.0,0,0.0,0,0,0,0.0,0,1,0,0,0,11,7
Owen,Hiltz,A,77.0,Chaos,7,27,16,16,16,0,11,46,0.3478260869565217,34,0.7391304347826086,2,0.0,2,1.0,15,3,9,209,148,0.0,0,0,0,0.0,0,0.0,0,0.0,0,0,1,1.0,1,1,0,0,0,7,9
Matt,Brandau,M,41.0,Whipsnakes,10,25,22,22,22,0,3,58,0.3793103448275862,41,0.7068965517241379,1,0.0,0,0.0,11,2,16,241,172,0.0,0,0,0,0.0,0,0.0,0,0.0,0,0,1,0.5,2,2,0,0,0,10,12
Marcus,Holman,A,1.0,Cannons,10,24,19,14,9,5,5,55,0.2545454545454545,34,0.6181818181818182,19,0.2631578947368421,13,0.6842105263157895,11,4,24,376,310,0.0,0,0,0,0.0,0,0.0,0,0.0,0,0,2,1.5,2,4,0,0,0,3,11
Sam,King,A,9.0,Archers,10,24,14,13,12,1,10,39,0.3333333333333333,22,0.5641025641025641,2,0.5,2,1.0,20,3,9,223,164,0.0,0,0,0,0.0,0,0.0,0,0.0,0,0,2,1.0,1,1,0,0,0,8,5
Xander,Dickson,A,10.0,Atlas,10,24,22,22,22,0,2,54,0.4074074074074074,39,0.7222222222222222,1,0.0,0,0.0,12,4,28,172,106,0.0,0,0,0,0.0,0,0.0,0,0.0,0,0,1,0.5,2,4,0,0,0,1,21
Andrew,McAdorey,M,2.0,Redwoods,10,24,15,14,13,1,9,41,0.3414634146341463,27,0.6585365853658537,4,0.25,3,0.75,12,3,16,263,210,0.3157894736842105,6,13,19,0.0,0,0.0,0,0.0,0,0,2,2.0,0,2,0,0,0,13,1
Bryan,Costabile,M,26.0,Atlas,10,23,19,16,13,3,4,62,0.2580645161290322,38,0.6129032258064516,17,0.1764705882352941,8,0.4705882352941176,21,4,12,277,194,0.0,0,0,0,0.0,0,0.0,0,0.0,0,0,1,1.0,0,4,0,0,0,9,7
Ryder,Garnsey,A,50.0,Redwoods,10,22,14,14,14,0,8,48,0.2916666666666667,35,0.7291666666666666,5,0.0,1,0.2,18,2,22,325,259,0.0,0,0,0,0.0,0,0.0,0,0.0,0,0,0,0.0,0,0,0,0,0,11,3
Jared,Bernhardt,M,10.0,Outlaws,9,22,18,18,18,0,4,53,0.3396226415094339,33,0.6226415094339622,0,0.0,0,0.0,17,0,8,236,166,0.0,0,0,0,0.0,0,0.0,0,0.0,0,0,3,1.5,3,5,0,0,0,14,4
Logan,Wisnauskas,A,12.0,Outlaws,10,21,13,13,13,0,8,43,0.3023255813953488,31,0.7209302325581395,3,0.0,2,0.6666666666666666,20,0,8,250,187,0.0,0,0,0,0.0,0,0.0,0,0.0,0,0,1,2.0,3,4,0,0,0,3,10
Rob,Pannell,A,3.0,Whipsnakes,8,20,7,7,7,0,13,42,0.1666666666666666,27,0.6428571428571429,0,0.0,0,0.0,19,2,10,271,210,0.0,0,0,0,0.0,0,0.0,0,0.0,0,0,1,0.5,0,1,0,0,0,6,1
Connor,Fields,A,5.0,Archers,10,20,14,14,14,0,6,47,0.2978723404255319,31,0.6595744680851063,0,0.0,0,0.0,16,3,15,254,191,0.0,0,0,0,0.0,0,0.0,0,0.0,0,0,1,0.5,2,3,0,0,0,4,10
Ryan,Drenner,M,22.0,Cannons,10,20,18,18,18,0,2,39,0.4615384615384615,24,0.6153846153846154,2,0.0,2,1.0,5,2,4,212,168,0.0,0,0,0,0.0,0,0.0,0,0.0,0,0,0,0.0,3,4,0,0,0,8,10
Ross,Scott,M,15.0,Chaos,10,20,12,12,12,0,8,38,0.3157894736842105,25,0.6578947368421053,0,0.0,0,0.0,15,0,8,247,194,0.0,0,0,0,0.0,0,0.0,0,0.0,0,0,0,0.0,1,1,0,0,0,7,5
Coulter,Mackesy,A,91.0,Cannons,8,20,15,15,15,0,5,54,0.2777777777777778,35,0.6481481481481481,4,0.0,2,0.5,11,1,10,247,182,0.0,0,0,0,0.0,0,0.0,0,0.0,0,0,3,2.0,3,4,0,0,0,6,9
Matt,Traynor,M,2.0,Atlas,10,20,12,12,12,0,8,52,0.2307692307692307,29,0.5576923076923077,2,0.0,2,1.0,13,2,16,189,124,0.0,0,0,0,0.0,0,0.0,0,0.0,0,0,0,0.0,2,6,0,0,0,5,7
Mac,O'Keefe,A,7.0,Archers,10,18,11,10,9,1,7,48,0.2083333333333333,35,0.7291666666666666,8,0.125,5,0.625,9,1,11,205,148,0.0,0,0,0,0.0,0,0.0,0,0.0,0,0,1,1.0,1,5,0,0,0,1,9
Connor,Kelly,M,40.0,Waterdogs,10,17,13,10,7,3,4,61,0.1639344262295081,25,0.4098360655737705,17,0.1764705882352941,6,0.3529411764705882,11,2,8,224,152,0.0,0,0,0,0.0,0,0.0,0,0.0,0,0,1,0.5,0,7,0,0,0,6,4
Jack,Hannah,M,3.0,Waterdogs,10,17,15,15,15,0,2,59,0.2542372881355932,35,0.5932203389830508,7,0.0,4,0.5714285714285714,15,1,20,236,162,0.0,0,0,0,0.0,0,0.0,0,0.0,0,0,2,1.5,1,7,0,0,0,10,5
Dalton,Young,M,11.0,Outlaws,10,17,11,11,11,0,6,25,0.44,20,0.8,0,0.0,0,0.0,7,2,8,172,140,0.0,0,0,0,0.0,0,0.0,0,0.0,0,0,1,0.5,1,2,0,0,0,6,5
Adam,Charalambides,A,8.0,Chaos,9,16,14,14,14,0,2,50,0.28,31,0.62,2,0.0,1,0.5,18,1,7,271,203,0.0,0,0,0,0.0,0,0.0,0,0.0,0,0,5,3.5,2,4,0,0,0,6,8
Tom,Schreiber,M,26.0,Archers,8,15,6,6,6,0,9,34,0.1764705882352941,18,0.5294117647058824,3,0.0,1,0.3333333333333333,21,2,8,207,152,0.0,0,0,0,0.0,0,0.0,0,0.0,0,0,1,1.0,0,2,0,0,0,3,3
Brad,Smith,M,27.0,Whipsnakes,10,15,14,10,6,4,1,46,0.217391304347826,24,0.5217391304347826,15,0.2666666666666666,11,0.7333333333333333,14,1,10,258,198,0.0,0,0,0,0.0,0,0.0,0,0.0,0,0,1,1.0,2,5,0,0,0,6,4
Thomas,McConvey,M,12.0,Waterdogs,10,15,13,13,13,0,2,30,0.4333333333333333,23,0.7666666666666667,1,0.0,0,0.0,5,1,11,171,136,0.0,0,0,0,0.0,0,0.0,0,0.0,0,0,0,0.0,0,3,0,0,0,4,9
Josh,Zawada,A,79.0,Chaos,8,14,9,9,9,0,5,31,0.2903225806451613,23,0.7419354838709677,0,0.0,0,0.0,14,1,10,264,219,0.0,0,0,0,0.0,0,0.0,0,0.0,0,0,1,0.5,0,0,0,0,0,2,7
Jake,Taylor,A,10.0,Waterdogs,9,14,11,11,11,0,3,33,0.3333333333333333,25,0.7575757575757576,0,0.0,0,0.0,9,0,12,87,45,0.0,0,0,0,0.0,0,0.0,0,0.0,0,0,1,1.0,1,1,0,0,0,4,7
CJ,Kirst,A,15.0,Waterdogs,4,13,9,9,9,0,4,27,0.3333333333333333,20,0.7407407407407407,0,0.0,0,0.0,3,1,4,102,72,0.0,0,0,0,0.0,0,0.0,0,0.0,0,0,0,0.0,1,1,0,0,0,7,2
Dyson,Williams,M,51.0,Archers,10,13,12,12,12,0,1,28,0.4285714285714285,23,0.8214285714285714,1,0.0,0,0.0,6,0,5,76,42,0.0,0,0,0,0.0,0,0.0,0,0.0,0,0,0,0.0,0,2,0,0,0,4,8
Adam,Poitras,M,51.0,Whipsnakes,10,13,8,8,8,0,5,32,0.25,23,0.71875,0,0.0,0,0.0,10,1,35,209,167,0.0,0,0,0,0.0,0,0.0,0,0.0,0,0,1,0.5,0,0,0,0,0,3,5
Reid,Bowering,M,98.0,Atlas,7,13,10,10,10,0,3,20,0.5,17,0.85,0,0.0,0,0.0,5,1,17,95,70,0.0,0,0,0,0.0,0,0.0,0,0.0,0,0,1,0.5,3,5,0,0,0,2,8
Jake,Piseno,LSM,88.0,Outlaws,10,12,8,5,2,3,4,15,0.3333333333333333,7,0.4666666666666667,11,0.2727272727272727,4,0.3636363636363636,7,12,34,88,66,0.0,0,0,0,0.0,0,0.0,0,0.0,0,0,0,0.0,0,0,0,0,0,1,4
Zach,Currier,M,77.0,Waterdogs,10,11,8,8,8,0,3,30,0.2666666666666666,20,0.6666666666666666,1,0.0,1,1.0,11,3,38,197,156,0.1,1,9,10,0.0,0,0.0,0,0.0,0,0,2,2.0,0,0,0,0,0,5,3
Grant,Ament,M,16.0,Archers,8,11,3,3,3,0,8,32,0.09375,14,0.4375,1,0.0,1,1.0,17,1,4,215,166,0.0,0,0,0,0.0,0,0.0,0,0.0,0,0,0,0.0,0,0,0,0,0,3,0
Shane,Knobloch,M,27.0,Chaos,4,11,7,6,5,1,4,22,0.2727272727272727,12,0.5454545454545454,1,1.0,1,1.0,4,0,4,84,58,0.0,0,0,0,0.0,0,0.0,0,0.0,0,0,0,0.0,0,0,0,0,0,5,1
Justin,Anderson,M,21.0,Outlaws,10,10,9,9,9,0,1,27,0.3333333333333333,14,0.5185185185185185,3,0.0,0,0.0,9,3,15,148,112,0.0,0,0,0,0.0,0,0.0,0,0.0,0,0,1,1.0,0,0,0,0,0,2,7
Romar,Dennis,M,5.0,Redwoods,8,10,9,5,1,4,1,42,0.119047619047619,21,0.5,25,0.16,13,0.52,1,1,4,162,119,0.0,0,0,0,0.0,0,0.0,0,0.0,0,0,0,0.0,1,5,0,0,0,3,2
Connor,Kirst,M,34.0,Cannons,10,10,8,7,6,1,2,29,0.2413793103448276,15,0.5172413793103449,7,0.1428571428571428,4,0.5714285714285714,14,1,12,109,66,0.3636363636363636,8,14,22,0.0,0,0.0,0,0.0,0,0,2,1.5,0,0,0,0,0,1,6
Will,Manny,A,0.0,Cannons,5,10,7,7,7,0,3,23,0.3043478260869565,16,0.6956521739130435,0,0.0,0,0.0,5,2,4,94,66,0.0,0,0,0,0.0,0,0.0,0,0.0,0,0,1,0.5,0,1,0,0,0,1,6
Michael,Grace,LSM,20.0,Atlas,8,10,6,4,2,2,4,6,0.6666666666666666,5,0.8333333333333334,4,0.5,3,0.75,1,6,18,58,51,0.0,0,0,0,0.0,0,0.0,0,0.0,0,0,1,1.0,0,0,0,0,0,0,4
Levi,Anderson,M,88.0,Whipsnakes,8,10,9,9,9,0,1,32,0.28125,23,0.71875,0,0.0,0,0.0,6,1,3,115,77,0.0,0,0,0,0.0,0,0.0,0,0.0,0,0,0,0.0,1,1,0,0,0,6,3
Colin,Heacock,M,10.0,Whipsnakes,8,9,8,8,8,0,1,27,0.2962962962962963,17,0.6296296296296297,3,0.0,0,0.0,4,1,1,98,67,0.0,0,0,0,0.0,0,0.0,0,0.0,0,0,1,1.0,0,0,0,0,0,0,8
Jake,Stevens,M,14.0,Atlas,10,9,9,9,9,0,0,33,0.2727272727272727,20,0.6060606060606061,1,0.0,0,0.0,16,1,10,116,67,0.0,0,0,0,0.0,0,0.0,0,0.0,0,0,2,1.0,0,0,0,0,0,1,8
Graham,Bundy,M,0.0,Outlaws,10,9,7,4,1,3,2,38,0.1052631578947368,22,0.5789473684210527,22,0.1363636363636363,13,0.5909090909090909,3,1,5,226,185,0.0,0,0,0,0.0,0,0.0,0,0.0,0,0,2,1.0,1,4,0,0,1,1,3
Aidan,Danenza,M,88.0,Redwoods,6,9,9,9,9,0,0,28,0.3214285714285714,18,0.6428571428571429,2,0.0,0,0.0,7,0,4,116,81,0.0,0,0,0,0.0,0,0.0,0,0.0,0,0,1,0.5,1,3,0,0,0,2,7
Josh,Balcarcel,M,34.0,Redwoods,10,9,7,7,7,0,2,22,0.3181818181818182,20,0.9090909090909092,2,0.0,1,0.5,7,0,6,158,129,0.0,0,0,0,0.0,0,0.0,0,0.0,0,0,2,1.0,0,0,0,0,1,6,1
JJ,Sillstrop,M,51.0,Chaos,10,8,5,5,5,0,3,22,0.2272727272727272,18,0.8181818181818182,0,0.0,0,0.0,9,2,3,141,110,0.0,0,0,0,0.0,0,0.0,0,0.0,0,0,0,0.0,0,0,0,0,0,3,2
Ryan,Terefenko,SSDM,34.0,Outlaws,10,8,6,5,4,1,2,15,0.3333333333333333,10,0.6666666666666666,5,0.2,2,0.4,8,2,18,142,119,0.0,0,6,6,0.0,0,0.0,0,0.0,0,0,1,0.5,0,0,0,0,0,1,4
Charlie,Bertrand,M,41.0,Redwoods,7,8,5,5,5,0,3,26,0.1923076923076923,17,0.6538461538461539,2,0.0,1,0.5,6,0,5,113,81,0.0,0,0,0,0.0,0,0.0,0,0.0,0,0,1,1.0,0,3,0,0,0,4,1
Ryan,Ambler,M,13.0,Archers,9,8,7,7,7,0,1,19,0.3684210526315789,11,0.5789473684210527,1,0.0,0,0.0,8,0,4,107,80,0.0,0,0,0,0.0,0,0.0,0,0.0,0,0,0,0.0,1,1,0,0,0,2,5
Mason,Woodward,LSM,77.0,Archers,10,8,6,3,0,3,2,11,0.2727272727272727,7,0.6363636363636364,10,0.3,6,0.6,4,6,23,73,58,0.0,0,0,0,0.0,0,0.0,0,0.0,0,0,4,2.5,0,0,0,0,0,1,2
Sergio,Perkovic,M,30.0,Chaos,7,7,6,5,4,1,1,31,0.1612903225806451,19,0.6129032258064516,10,0.1,7,0.7,6,0,1,121,84,0.0,0,0,0,0.0,0,0.0,0,0.0,0,0,1,1.0,0,4,0,0,0,1,4
Matt,Moore,A,11.0,Archers,4,7,6,6,6,0,1,25,0.24,15,0.6,4,0.0,2,0.5,7,0,6,115,83,0.0,0,0,0,0.0,0,0.0,0,0.0,0,0,1,0.5,1,2,0,0,0,2,4
TD,Ierlan,FO,6.0,Redwoods,10,6,3,3,3,0,3,12,0.25,8,0.6666666666666666,0,0.0,0,0.0,5,2,74,76,59,0.6048387096774194,150,97,248,0.0,0,0.0,0,0.0,0,0,0,0.0,0,0,0,0,0,2,1
Jeff,Trainor,SSDM,43.0,Cannons,10,6,6,6,6,0,0,15,0.4,10,0.6666666666666666,2,0.0,0,0.0,3,4,14,88,70,0.0,0,0,0,0.0,0,0.0,0,0.0,0,0,3,3.5,0,0,0,0,1,4,2
Tre,Leclaire,M,44.0,Archers,5,6,5,5,5,0,1,23,0.217391304347826,16,0.6956521739130435,6,0.0,5,0.8333333333333334,8,0,5,101,70,0.0,0,0,0,0.0,0,0.0,0,0.0,0,0,0,0.0,0,1,0,0,0,4,1
Hugh,Kelleher,M,27.0,Atlas,6,6,5,5,5,0,1,20,0.25,8,0.4,3,0.0,1,0.3333333333333333,4,0,6,75,51,0.0,0,0,0,0.0,0,0.0,0,0.0,0,0,0,0.0,0,0,0,0,0,5,0
Ben,Wayer,LSM,4.0,Waterdogs,10,6,4,3,2,1,2,14,0.2142857142857142,7,0.5,7,0.1428571428571428,4,0.5714285714285714,6,7,27,76,56,0.0,0,0,0,0.0,0,0.0,0,0.0,0,0,3,3.0,0,0,0,0,0,1,2
Garrett,Degnon,M,40.0,Chaos,4,6,4,4,4,0,2,18,0.2222222222222222,9,0.5,3,0.0,1,0.3333333333333333,2,0,5,74,54,0.0,0,0,0,0.0,0,0.0,0,0.0,0,0,0,0.0,1,3,0,0,0,2,2
Ben,Ramsey,SSDM,24.0,Cannons,10,6,3,2,1,1,3,5,0.4,5,1.0,1,1.0,1,1.0,2,3,26,94,87,0.0,0,0,0,0.0,0,0.0,0,0.0,0,0,3,1.5,0,0,0,0,0,1,1
Beau,Pederson,SSDM,89.0,Archers,10,6,5,4,3,1,1,10,0.4,6,0.6,5,0.2,2,0.4,6,4,15,79,63,0.2222222222222222,4,13,18,0.0,0,0.0,0,0.0,0,0,3,1.5,0,0,0,0,0,2,2
Michael,Manley,D,37.0,Outlaws,10,5,4,3,2,1,1,6,0.5,3,0.5,3,0.3333333333333333,1,0.3333333333333333,5,7,19,68,57,0.0,0,0,0,0.0,0,0.0,0,0.0,0,0,4,4.0,0,0,0,0,0,1,2
Trevor,Baptiste,FO,9.0,Atlas,10,5,4,4,4,0,1,14,0.2857142857142857,10,0.7142857142857143,0,0.0,0,0.0,7,5,87,112,91,0.5886792452830188,156,106,265,0.0,0,0.0,0,0.0,0,0,1,0.5,0,0,0,0,0,3,1
Myles,Jones,M,8.0,Atlas,3,5,1,1,1,0,4,5,0.2,3,0.6,0,0.0,0,0.0,5,0,2,59,49,0.0,0,0,0,0.0,0,0.0,0,0.0,0,0,0,0.0,0,1,0,0,0,1,0
Sam,Handley,M,26.0,Redwoods,4,5,4,3,2,1,1,18,0.1666666666666666,12,0.6666666666666666,7,0.1428571428571428,5,0.7142857142857143,4,0,3,80,58,0.0,0,0,0,0.0,0,0.0,0,0.0,0,0,0,0.0,1,3,0,1,1,1,2
Owen,Grant,LSM,81.0,Cannons,10,5,3,2,1,1,2,10,0.2,7,0.7,6,0.1666666666666666,4,0.6666666666666666,2,11,16,49,37,0.0,0,0,0,0.0,0,0.0,0,0.0,0,0,2,2.0,0,0,0,0,1,1,1
Cross,Ferrara,M,22.0,Chaos,6,5,5,5,5,0,0,22,0.2272727272727272,12,0.5454545454545454,1,0.0,0,0.0,5,0,0,69,42,0.0,0,0,0,0.0,0,0.0,0,0.0,0,0,0,0.0,0,0,0,0,0,5,0
Zach,Geddes,SSDM,13.0,Outlaws,10,5,4,3,2,1,1,9,0.3333333333333333,7,0.7777777777777778,1,1.0,1,1.0,4,7,17,86,73,0.0,0,2,2,0.0,0,0.0,0,0.0,0,0,3,1.5,0,0,0,0,0,1,2
Zac,Tucci,FO,4.0,Cannons,10,5,5,4,3,1,0,13,0.3076923076923077,7,0.5384615384615384,3,0.3333333333333333,1,0.3333333333333333,5,1,46,44,26,0.4392156862745098,112,141,255,0.0,0,0.0,0,0.0,0,0,5,4.5,0,0,0,0,0,4,0
Mic,Kelly,M,21.0,Cannons,5,5,3,3,3,0,2,24,0.125,14,0.5833333333333334,1,0.0,0,0.0,6,1,3,97,67,0.0,0,0,0,0.0,0,0.0,0,0.0,0,0,0,0.0,0,1,0,0,0,3,0
Sam,English,M,10.0,Redwoods,4,4,3,3,3,0,1,12,0.25,8,0.6666666666666666,1,0.0,1,1.0,8,5,9,79,59,0.0,0,0,0,0.0,0,0.0,0,0.0,0,0,0,0.0,0,0,0,0,0,2,1
Matt,Rambo,A,9.0,Whipsnakes,6,4,0,0,0,0,4,16,0.0,8,0.5,0,0.0,0,0.0,4,0,2,74,54,0.0,0,0,0,0.0,0,0.0,0,0.0,0,0,0,0.0,0,0,0,0,0,0,0
Ray,Dearth,SSDM,9.0,Chaos,8,4,2,1,0,1,2,2,0.5,1,0.5,1,1.0,1,1.0,1,2,10,43,40,0.0,0,4,4,0.0,0,0.0,0,0.0,0,0,1,0.5,0,0,0,0,0,1,0
Jarrod,Neumann,D,88.0,Chaos,10,4,4,2,0,2,0,6,0.3333333333333333,4,0.6666666666666666,6,0.3333333333333333,4,0.6666666666666666,5,2,13,70,59,0.0,0,0,0,0.0,0,0.0,0,0.0,0,0,2,1.0,0,0,0,0,0,0,2
Jared,Conners,LSM,28.0,Redwoods,10,4,2,1,0,1,2,8,0.125,3,0.375,7,0.1428571428571428,3,0.4285714285714285,5,6,25,76,63,0.0,0,0,0,0.0,0,0.0,0,0.0,0,0,0,0.0,0,0,0,0,0,0,1
Jules,Heningburg,M,16.0,Cannons,4,4,3,2,1,1,1,11,0.1818181818181818,4,0.3636363636363636,2,0.5,1,0.5,2,0,1,50,37,0.0,0,0,0,0.0,0,0.0,0,0.0,0,0,0,0.0,0,0,0,0,0,1,1
Brian,Tevlin,SSDM,12.0,Redwoods,10,4,2,2,2,0,2,13,0.1538461538461538,4,0.3076923076923077,3,0.0,1,0.3333333333333333,3,12,25,127,111,0.1428571428571428,1,6,7,0.0,0,0.0,0,0.0,0,0,3,2.5,0,0,0,0,0,1,1
Jimmy,Freehill,D,5.0,Waterdogs,9,4,4,2,0,2,0,7,0.2857142857142857,6,0.8571428571428571,7,0.2857142857142857,6,0.8571428571428571,2,7,15,72,63,0.0,0,0,0,0.0,0,0.0,0,0.0,0,0,3,3.0,0,0,0,0,0,0,2
Alexander,Vardaro,M,19.0,Cannons,3,4,1,1,1,0,3,10,0.1,5,0.5,2,0.0,2,1.0,4,0,1,52,38,0.0,0,0,0,0.0,0,0.0,0,0.0,0,0,0,0.0,0,0,0,0,0,0,1
Graydon,Hogg,A,45.0,Cannons,3,4,3,3,3,0,1,12,0.25,8,0.6666666666666666,0,0.0,0,0.0,4,0,3,52,36,0.0,0,0,0,0.0,0,0.0,0,0.0,0,0,0,0.0,0,0,0,0,0,1,2
Luke,Wierman,FO,52.0,Outlaws,10,4,3,3,3,0,1,20,0.15,10,0.5,6,0.0,2,0.3333333333333333,10,5,78,82,52,0.5217391304347826,132,119,253,0.0,0,0.0,0,0.0,0,0,2,1.0,0,0,0,0,0,3,0
Mark,Glicini,SSDM,16.0,Chaos,10,3,3,2,1,1,0,7,0.2857142857142857,5,0.7142857142857143,2,0.5,2,1.0,2,5,13,69,60,0.0769230769230769,1,12,13,0.0,0,0.0,0,0.0,0,0,3,2.0,0,0,0,0,0,1,1
Justin,Inacio,FO,45.0,Chaos,7,3,2,2,2,0,1,11,0.1818181818181818,5,0.4545454545454545,1,0.0,1,1.0,8,0,72,62,43,0.6094674556213018,103,65,169,0.0,0,0.0,0,0.0,0,0,2,1.0,0,0,0,0,0,2,0
Brett,Makar,D,43.0,Atlas,9,3,3,2,1,1,0,8,0.25,3,0.375,4,0.25,2,0.5,2,8,21,76,66,0.0,0,0,0,0.0,0,0.0,0,0.0,0,0,1,1.0,0,1,0,0,0,2,0
Christian,Scarpello,SSDM,50.0,Waterdogs,5,3,3,3,3,0,0,3,1.0,3,1.0,0,0.0,0,0.0,3,0,6,26,20,0.0,0,1,1,0.0,0,0.0,0,0.0,0,0,0,0.0,0,0,0,0,0,1,2
Cam,Wyers,D,20.0,Archers,8,3,2,2,2,0,1,3,0.6666666666666666,3,1.0,1,0.0,1,1.0,6,4,7,27,18,0.0,0,0,0,0.0,0,0.0,0,0.0,0,0,1,0.5,0,0,0,0,0,1,1
Connor,Maher,SSDM,31.0,Archers,10,3,1,1,1,0,2,2,0.5,1,0.5,1,0.0,0,0.0,3,3,12,57,52,0.125,1,7,8,0.0,0,0.0,0,0.0,0,0,0,0.0,0,0,0,0,0,0,1
Piper,Bond,SSDM,54.0,Archers,10,3,2,2,2,0,1,6,0.3333333333333333,4,0.6666666666666666,0,0.0,0,0.0,8,6,15,101,87,0.1538461538461538,2,11,13,0.0,0,0.0,0,0.0,0,0,5,3.0,0,0,0,0,0,0,2
Jake,Bernhardt,SSDM,83.0,Whipsnakes,10,2,2,1,0,1,0,5,0.2,2,0.4,3,0.3333333333333333,1,0.3333333333333333,3,1,8,53,45,0.1428571428571428,2,12,14,0.0,0,0.0,0,0.0,0,0,1,0.5,0,0,0,0,0,1,0
Danny,Logan,SSDM,91.0,Atlas,9,2,1,1,1,0,1,3,0.3333333333333333,1,0.3333333333333333,1,0.0,0,0.0,3,2,12,61,55,0.1666666666666666,2,10,12,0.0,0,0.0,0,0.0,0,0,5,3.0,0,0,0,0,0,0,1
Mikie,Schlosser,M,59.0,Waterdogs,3,2,2,2,2,0,0,6,0.3333333333333333,5,0.8333333333333334,1,0.0,0,0.0,2,0,1,30,22,0.0,0,0,0,0.0,0,0.0,0,0.0,0,0,0,0.0,0,0,0,0,0,1,1
Joseph,Nardella,FO,91.0,Whipsnakes,10,2,2,2,2,0,0,5,0.4,3,0.6,0,0.0,0,0.0,5,4,58,83,73,0.5975103734439834,144,95,241,0.0,0,0.0,0,0.0,0,0,1,0.5,0,0,0,0,0,2,0
Michael,Rexrode,D,22.0,Atlas,10,2,2,1,0,1,0,1,1.0,1,1.0,1,1.0,1,1.0,2,12,14,55,52,0.0,0,0,0,0.0,0,0.0,0,0.0,0,0,3,2.0,0,0,0,0,0,1,0
Kyle,Jackson,M,47.0,Atlas,3,2,1,1,1,0,1,10,0.1,7,0.7,0,0.0,0,0.0,2,0,0,53,41,0.0,0,0,0,0.0,0,0.0,0,0.0,0,0,0,0.0,1,3,0,0,0,0,1
Mike,Sisselberger,FO,99.0,Archers,5,2,1,1,1,0,1,5,0.2,3,0.6,1,0.0,1,1.0,3,0,22,19,11,0.3564356435643564,36,64,101,0.0,0,0.0,0,0.0,0,0,0,0.0,0,0,0,0,0,1,0
Max,Krevsky,SSDM,48.0,Atlas,8,2,0,0,0,0,2,5,0.0,3,0.6,0,0.0,0,0.0,7,2,6,63,51,0.0,0,2,2,0.0,0,0.0,0,0.0,0,0,1,1.0,0,0,0,0,0,0,0
Jonathan,Donville,M,3.0,Outlaws,5,2,2,2,2,0,0,7,0.2857142857142857,5,0.7142857142857143,0,0.0,0,0.0,3,1,4,60,50,0.0,0,0,0,0.0,0,0.0,0,0.0,0,0,1,1.0,0,0,0,0,0,0,2
Jack,McDonald,LSM,11.0,Whipsnakes,4,2,2,2,2,0,0,2,1.0,2,1.0,0,0.0,0,0.0,1,0,5,15,12,0.0,0,0,0,0.0,0,0.0,0,0.0,0,0,0,0.0,0,0,0,0,0,2,0
Dylan,Hess,SSDM,8.0,Waterdogs,10,2,1,1,1,0,1,6,0.1666666666666666,3,0.5,2,0.0,0,0.0,0,4,11,73,67,0.0,0,6,6,0.0,0,0.0,0,0.0,0,0,0,0.0,0,0,0,0,0,0,1
Greg,Langermeier,SSDM,38.0,Chaos,9,2,0,0,0,0,2,5,0.0,0,0.0,0,0.0,0,0.0,4,4,8,56,47,0.3333333333333333,1,2,3,0.0,0,0.0,0,0.0,0,0,1,0.5,0,0,0,0,0,0,0
Bryce,Ford,M,23.0,Archers,3,2,2,2,2,0,0,4,0.5,3,0.75,0,0.0,0,0.0,1,0,2,22,17,0.0,0,0,0,0.0,0,0.0,0,0.0,0,0,0,0.0,0,0,0,0,0,2,0
Alec,Stathakis,FO,73.0,Waterdogs,10,2,2,2,2,0,0,12,0.1666666666666666,4,0.3333333333333333,4,0.0,1,0.25,7,2,58,74,55,0.5282258064516129,131,114,248,0.0,0,0.0,0,0.0,0,0,0,0.0,0,0,0,0,0,0,2
Jack,VanOverbeke,M,9.0,Outlaws,6,2,0,0,0,0,2,14,0.0,8,0.5714285714285714,0,0.0,0,0.0,5,0,2,60,41,0.0,0,0,0,0.0,0,0.0,0,0.0,0,0,0,0.0,0,0,0,0,0,0,0
Roman,Puglise,SSDM,8.0,Whipsnakes,8,2,1,1,1,0,1,6,0.1666666666666666,4,0.6666666666666666,1,0.0,1,1.0,3,1,11,82,73,0.0,0,0,0,0.0,0,0.0,0,0.0,0,0,6,3.5,0,0,0,0,0,1,0
Jack,Gray,SSDM,20.0,Outlaws,4,2,1,1,1,0,1,1,1.0,1,1.0,0,0.0,0,0.0,0,1,1,10,9,1.0,1,0,1,0.0,0,0.0,0,0.0,0,0,1,0.5,0,0,0,0,0,1,0
Tyler,Carpenter,LSM,5.0,Atlas,10,2,1,1,1,0,1,5,0.2,3,0.6,4,0.0,2,0.5,4,7,28,85,76,0.0,0,0,0,0.0,0,0.0,0,0.0,0,0,0,0.0,0,0,0,0,0,0,1
Chris,Merle,SSDM,23.0,Redwoods,3,1,1,1,1,0,0,1,1.0,1,1.0,0,0.0,0,0.0,0,1,4,13,12,0.0,0,1,1,0.0,0,0.0,0,0.0,0,0,0,0.0,0,0,0,0,0,0,1
Marcus,Hudgins,LSM,11.0,Waterdogs,7,1,0,0,0,0,1,1,0.0,1,1.0,1,0.0,1,1.0,4,9,16,38,33,0.0,0,0,0,0.0,0,0.0,0,0.0,0,0,0,0.0,0,0,0,0,0,0,0
Colin,Squires,LSM,39.0,Whipsnakes,10,1,0,0,0,0,1,1,0.0,0,0.0,1,0.0,0,0.0,5,3,35,55,49,0.0,0,0,0,0.0,0,0.0,0,0.0,0,0,1,1.0,0,0,0,0,0,0,0
Kenny,Brower,D,29.0,Waterdogs,8,1,0,0,0,0,1,1,0.0,1,1.0,1,0.0,1,1.0,0,9,13,47,46,0.0,0,0,0,0.0,0,0.0,0,0.0,0,0,3,2.0,0,0,0,0,0,0,0
Matt,Whitcher,SSDM,33.0,Waterdogs,9,1,1,1,1,0,0,6,0.1666666666666666,4,0.6666666666666666,2,0.0,1,0.5,2,5,11,62,54,0.0,0,1,1,0.0,0,0.0,0,0.0,0,0,3,2.0,0,0,0,0,0,0,1
Matthew,Dunn,D,33.0,Whipsnakes,10,1,1,1,1,0,0,5,0.2,4,0.8,3,0.0,3,1.0,6,5,11,83,72,0.0,0,0,0,0.0,0,0.0,0,0.0,0,0,1,0.5,0,0,0,0,2,1,0
CJ,Costabile,LSM,6.0,Player Pool,1,1,1,1,1,0,0,1,1.0,1,1.0,0,0.0,0,0.0,0,0,2,4,3,0.0,0,0,0,0.0,0,0.0,0,0.0,0,0,0,0.0,0,0,0,0,0,0,1
Ben,Randall,D,44.0,Waterdogs,10,1,1,1,1,0,0,5,0.2,4,0.8,2,0.0,1,0.5,6,13,21,93,82,0.0,0,0,0,0.0,0,0.0,0,0.0,0,0,0,0.0,0,0,0,0,0,0,1
Graeme,Hossack,D,81.0,Archers,10,1,1,1,1,0,0,8,0.125,4,0.5,4,0.0,2,0.5,2,14,24,80,70,0.0,0,0,0,0.0,0,0.0,0,0.0,0,0,2,2.0,0,0,0,0,0,1,0
Troy,Reh,LSM,10.0,Chaos,10,1,1,1,1,0,0,4,0.25,1,0.25,2,0.0,0,0.0,5,11,37,111,102,0.0,0,0,0,0.0,0,0.0,0,0.0,0,0,2,1.5,0,0,0,0,0,1,0
Patrick,Resch,SSDM,34.0,Archers,3,1,0,0,0,0,1,0,0.0,0,0.0,0,0.0,0,0.0,3,0,4,25,22,0.0,0,1,1,0.0,0,0.0,0,0.0,0,0,2,1.5,0,0,0,0,0,0,0
Scott,Smith,D,18.0,Chaos,6,1,1,1,1,0,0,10,0.1,6,0.6,5,0.0,2,0.4,0,6,8,33,23,0.0,0,0,0,0.0,0,0.0,0,0.0,0,0,1,0.5,0,0,0,0,0,1,0
Gannon,Matthews,A,24.0,Player Pool,1,1,0,0,0,0,1,1,0.0,1,1.0,0,0.0,0,0.0,2,0,0,11,8,0.0,0,0,0,0.0,0,0.0,0,0.0,0,0,1,0.5,0,0,0,0,0,0,0
Christian,Mazur,SSDM,85.0,Whipsnakes,10,1,1,1,1,0,0,5,0.2,2,0.4,1,0.0,0,0.0,1,4,13,69,63,0.0,0,0,0,0.0,0,0.0,0,0.0,0,0,0,0.0,0,0,0,0,0,1,0
Ajax,Zappitello,D,36.0,Whipsnakes,10,1,0,0,0,0,1,3,0.0,0,0.0,0,0.0,0,0.0,4,17,16,98,91,0.0,0,0,0,0.0,0,0.0,0,0.0,0,0,1,0.5,0,0,0,0,0,0,0
Michael,Lampert,A,7.0,Waterdogs,3,1,0,0,0,0,1,3,0.0,2,0.6666666666666666,0,0.0,0,0.0,4,0,0,20,13,0.0,0,0,0,0.0,0,0.0,0,0.0,0,0,0,0.0,0,0,0,0,0,0,0
JT,Giles-Harris,D,1.0,Outlaws,10,1,0,0,0,0,1,2,0.0,2,1.0,1,0.0,1,1.0,4,7,13,66,60,0.0,0,0,0,0.0,0,0.0,0,0.0,0,0,1,1.0,0,0,0,0,0,0,0
Jack,Posey,D,43.0,Chaos,5,1,0,0,0,0,1,0,0.0,0,0.0,0,0.0,0,0.0,2,3,5,21,19,0.0,0,0,0,0.0,0,0.0,0,0.0,0,0,0,0.0,0,0,0,0,0,0,0
Ethan,Rall,LSM,35.0,Cannons,10,1,1,1,1,0,0,7,0.1428571428571428,5,0.7142857142857143,3,0.0,1,0.3333333333333333,3,13,23,41,31,0.0,0,0,0,0.0,0,0.0,0,0.0,0,0,1,0.5,0,0,0,0,0,1,0
Liam,Entenmann,G,44.0,Atlas,10,1,0,0,0,0,1,4,0.0,0,0.0,4,0.0,0,0.0,4,1,22,183,175,0.0,0,0,0,11.869354672528075,152,0.5714285714285714,61,0.4013157894736842,120,6,0,0.0,0,0,5,0,0,0,0
Brendan,Lavelle,D,46.0,Archers,10,1,0,0,0,0,1,0,0.0,0,0.0,0,0.0,0,0.0,3,6,34,83,80,0.0,0,0,0,0.0,0,0.0,0,0.0,0,0,2,1.5,0,0,0,0,0,0,0
Chris,Aslanian,M,3.0,Chaos,1,0,0,0,0,0,0,2,0.0,2,1.0,0,0.0,0,0.0,0,0,0,9,7,0.0,0,0,0,0.0,0,0.0,0,0.0,0,0,0,0.0,0,0,0,0,0,0,0
Alexander,Smith,SSDM,39.0,Outlaws,6,0,0,0,0,0,0,1,0.0,0,0.0,1,0.0,0,0.0,2,3,6,30,27,0.0,0,0,0,0.0,0,0.0,0,0.0,0,0,0,0.0,0,0,0,0,0,0,0
Chris,Fake,D,31.0,Redwoods,10,0,0,0,0,0,0,3,0.0,2,0.6666666666666666,3,0.0,2,0.6666666666666666,3,3,16,66,60,0.0,0,0,0,0.0,0,0.0,0,0.0,0,0,3,4.0,0,0,0,0,0,0,0
Arden,Cohen,LSM,40.0,Redwoods,8,0,0,0,0,0,0,0,0.0,0,0.0,0,0.0,0,0.0,3,11,18,32,29,0.0,0,0,0,0.0,0,0.0,0,0.0,0,0,6,6.0,0,0,0,0,0,0,0
Jack,Kielty,D,40.0,Cannons,10,0,0,0,0,0,0,1,0.0,0,0.0,0,0.0,0,0.0,0,12,7,56,55,0.0,0,0,0,0.0,0,0.0,0,0.0,0,0,1,1.0,0,0,0,0,0,0,0
Dillon,Ward,G,37.0,Waterdogs,5,0,0,0,0,0,0,0,0.0,0,0.0,0,0.0,0,0.0,0,2,9,58,58,0.0,0,0,0,12.750171742615066,41,0.4408602150537634,15,0.3658536585365853,58,6,0,0.0,0,0,3,0,0,0,0
Blaze,Riorden,G,0.0,Chaos,10,0,0,0,0,0,0,4,0.0,3,0.75,4,0.0,3,0.75,5,6,17,177,168,0.0,0,0,0,12.609819121447028,149,0.573076923076923,60,0.4026845637583892,122,11,0,0.0,0,0,7,0,0,0,0
Jesse,Bernhardt,D,36.0,Outlaws,10,0,0,0,0,0,0,1,0.0,0,0.0,1,0.0,0,0.0,2,6,13,67,64,0.0,0,0,0,0.0,0,0.0,0,0.0,0,0,2,1.5,0,0,0,0,0,0,0
Zach,Goodrich,SSDM,14.0,Cannons,10,0,0,0,0,0,0,0,0.0,0,0.0,0,0.0,0,0.0,2,4,4,49,47,0.0,0,7,7,0.0,0,0.0,0,0.0,0,0,5,2.5,0,0,0,0,0,0,0
Matt,DeLuca,G,1.0,Waterdogs,6,0,0,0,0,0,0,0,0.0,0,0.0,0,0.0,0,0.0,0,0,5,71,71,0.0,0,0,0,12.545454545454549,71,0.5419847328244275,24,0.3380281690140845,69,9,0,0.0,0,0,3,0,0,0,0
Eli,Gobrecht,D,25.0,Waterdogs,6,0,0,0,0,0,0,0,0.0,0,0.0,0,0.0,0,0.0,0,3,2,15,15,0.0,0,1,1,0.0,0,0.0,0,0.0,0,0,1,1.0,0,0,0,0,0,0,0
Eric,Law,A,15.0,Outlaws,1,0,0,0,0,0,0,0,0.0,0,0.0,0,0.0,0,0.0,0,0,0,4,4,0.0,0,0,0,0.0,0,0.0,0,0.0,0,0,0,0.0,0,0,0,0,0,0,0
Ryland,Rees,LSM,17.0,Redwoods,3,0,0,0,0,0,0,2,0.0,0,0.0,1,0.0,0,0.0,2,0,2,11,7,0.0,0,0,0,0.0,0,0.0,0,0.0,0,0,0,0.0,0,0,0,0,0,0,0
Tim,Muller,D,14.0,Whipsnakes,10,0,0,0,0,0,0,2,0.0,1,0.5,0,0.0,0,0.0,0,3,18,70,68,0.0,0,0,0,0.0,0,0.0,0,0.0,0,0,1,0.5,0,0,0,0,0,0,0
Greg,Weyl,D,57.0,Outlaws,2,0,0,0,0,0,0,0,0.0,0,0.0,0,0.0,0,0.0,0,0,1,1,1,0.0,0,0,0,0.0,0,0.0,0,0.0,0,0,0,0.0,0,0,0,0,0,0,0
Jack,Rowlett,D,99.0,Chaos,10,0,0,0,0,0,0,0,0.0,0,0.0,0,0.0,0,0.0,3,6,9,68,65,0.0,0,0,0,0.0,0,0.0,0,0.0,0,0,3,3.0,0,0,0,0,0,0,0
Austin,Kaut,G,14.0,Chaos,2,0,0,0,0,0,0,0,0.0,0,0.0,0,0.0,0,0.0,0,0,0,8,8,0.0,0,0,0,8.029739776951672,5,0.625,1,0.2,3,0,0,0.0,0,0,0,0,0,0,0
Bryce,Young,D,41.0,Cannons,10,0,0,0,0,0,0,0,0.0,0,0.0,0,0.0,0,0.0,4,5,13,37,33,0.0,0,0,0,0.0,0,0.0,0,0.0,0,0,1,2.0,0,0,0,0,0,0,0
Garrett,Epple,D,52.0,Cannons,10,0,0,0,0,0,0,2,0.0,0,0.0,2,0.0,0,0.0,1,12,14,74,71,0.0,0,0,0,0.0,0,0.0,0,0.0,0,0,2,1.5,0,0,0,0,0,0,0
Warren,Jeffrey,D,27.0,Archers,10,0,0,0,0,0,0,0,0.0,0,0.0,0,0.0,0,0.0,4,10,11,42,38,0.0,0,0,0,0.0,0,0.0,0,0.0,0,0,4,3.0,0,0,0,0,0,0,0
Adam,Ghitelman,G,8.0,Cannons,1,0,0,0,0,0,0,0,0.0,0,0.0,0,0.0,0,0.0,0,0,0,1,1,0.0,0,0,0,0.0,0,0.0,0,0.0,0,0,0,0.0,0,0,0,0,0,0,0
Dox,Aitken,M,6.0,Atlas,2,0,0,0,0,0,0,4,0.0,1,0.25,0,0.0,0,0.0,2,0,1,19,13,0.0,0,0,0,0.0,0,0.0,0,0.0,0,0,1,0.5,0,0,0,0,0,0,0
Levi,Verch,LSM,60.0,Chaos,10,0,0,0,0,0,0,3,0.0,1,0.3333333333333333,2,0.0,0,0.0,5,4,20,51,43,0.0,0,0,0,0.0,0,0.0,0,0.0,0,0,1,1.0,0,0,0,0,0,0,0
Jake,Naso,FO,56.0,Archers,4,0,0,0,0,0,0,4,0.0,1,0.25,1,0.0,1,1.0,2,0,14,15,9,0.3333333333333333,30,59,90,0.0,0,0.0,0,0.0,0,0,1,0.5,0,0,0,0,0,0,0
Payton,Rezanka,SSDM,34.0,Atlas,3,0,0,0,0,0,0,1,0.0,0,0.0,0,0.0,0,0.0,0,2,0,12,11,0.0,0,1,1,0.0,0,0.0,0,0.0,0,0,0,0.0,0,0,0,0,0,0,0
Nick,Washuta,G,18.0,Archers,1,0,0,0,0,0,0,0,0.0,0,0.0,0,0.0,0,0.0,0,0,0,0,0,0.0,0,0,0,0.0,0,0.0,0,0.0,0,0,0,0.0,0,0,0,0,0,0,0
BJ,Farrare,SSDM,70.0,Redwoods,10,0,0,0,0,0,0,2,0.0,0,0.0,1,0.0,0,0.0,2,7,12,40,36,0.0,0,1,1,0.0,0,0.0,0,0.0,0,0,2,1.0,0,0,0,0,0,0,0
Charlie,Hayes,SSDM,23.0,Waterdogs,2,0,0,0,0,0,0,1,0.0,0,0.0,0,0.0,0,0.0,0,1,2,12,11,0.0,0,1,1,0.0,0,0.0,0,0.0,0,0,0,0.0,0,0,0,0,0,0,0
Cole,Kastner,D,39.0,Redwoods,6,0,0,0,0,0,0,0,0.0,0,0.0,0,0.0,0,0.0,1,7,4,25,24,0.0,0,0,0,0.0,0,0.0,0,0.0,0,0,0,0.0,0,0,0,0,0,0,0
Dylan,Renner,G,1.0,Player Pool,1,0,0,0,0,0,0,0,0.0,0,0.0,0,0.0,0,0.0,0,0,0,1,1,0.0,0,0,0,0.0,0,0.0,0,0.0,0,0,0,0.0,0,0,0,0,0,0,0
Gavin,Adler,D,77.0,Atlas,10,0,0,0,0,0,0,0,0.0,0,0.0,0,0.0,0,0.0,4,13,11,56,52,0.0,0,0,0,0.0,0,0.0,0,0.0,0,0,1,0.5,0,0,0,0,0,0,0
Carter,Parlette,SSDM,21.0,Redwoods,1,0,0,0,0,0,0,0,0.0,0,0.0,0,0.0,0,0.0,0,0,1,5,5,0.0,0,0,0,0.0,0,0.0,0,0.0,0,0,0,0.0,0,0,0,0,0,0,0
Brett,Dobson,G,45.0,Archers,10,0,0,0,0,0,0,1,0.0,0,0.0,1,0.0,0,0.0,7,3,17,175,167,0.0,0,0,0,11.129756641019393,146,0.5910931174089069,46,0.3150684931506849,111,10,1,1.0,0,0,7,0,0,0,0
Colin,Kirst,G,5.0,Cannons,10,0,0,0,0,0,0,2,0.0,1,0.5,2,0.0,1,0.5,8,2,21,165,155,0.0,0,0,0,13.844706865921204,133,0.5,56,0.4210526315789473,138,5,1,1.0,0,0,12,0,0,0,0
AJ,Pilate,D,46.0,Outlaws,3,0,0,0,0,0,0,1,0.0,0,0.0,0,0.0,0,0.0,1,1,4,6,4,0.0,0,0,0,0.0,0,0.0,0,0.0,0,0,0,0.0,0,0,0,0,0,0,0
Logan,McNaney,G,30.0,Outlaws,8,0,0,0,0,0,0,1,0.0,0,0.0,1,0.0,0,0.0,6,4,17,157,150,0.0,0,0,0,10.565200699569168,109,0.5828877005347594,66,0.6055045871559633,86,8,0,0.0,0,0,6,0,0,0,0
Kyle,Aldridge,SSDM,24.0,Whipsnakes,2,0,0,0,0,0,0,0,0.0,0,0.0,0,0.0,0,0.0,0,1,4,15,15,0.0,0,0,0,0.0,0,0.0,0,0.0,0,0,0,0.0,0,0,0,0,0,0,0
Carter,Rice,SSDM,3.0,Redwoods,10,0,0,0,0,0,0,0,0.0,0,0.0,0,0.0,0,0.0,3,3,14,68,65,0.0,0,0,0,0.0,0,0.0,0,0.0,0,0,2,1.0,0,0,0,0,0,0,0
Jack,DiBenedetto,D,31.0,Waterdogs,3,0,0,0,0,0,0,0,0.0,0,0.0,0,0.0,0,0.0,1,2,2,14,13,0.0,0,0,0,0.0,0,0.0,0,0.0,0,0,0,0.0,0,0,0,0,0,0,0
Will,Mark,G,88.0,Atlas,2,0,0,0,0,0,0,0,0.0,0,0.0,0,0.0,0,0.0,0,0,1,1,1,0.0,0,0,0,0.0,0,0.0,0,0.0,0,0,0,0.0,0,0,0,0,0,0,0
Koby,Smith,LSM,0.0,Atlas,2,0,0,0,0,0,0,0,0.0,0,0.0,0,0.0,0,0.0,2,1,3,8,6,0.0,0,0,0,0.0,0,0.0,0,0.0,0,0,0,0.0,0,0,0,0,0,0,0
Owen,McElroy,G,24.0,Outlaws,2,0,0,0,0,0,0,0,0.0,0,0.0,0,0.0,0,0.0,0,0,2,21,21,0.0,0,0,0,13.5,18,0.4,4,0.2222222222222222,27,0,0,0.0,0,0,1,0,0,0,0
Brendan,Krebs,G,0.0,Whipsnakes,4,0,0,0,0,0,0,1,0.0,0,0.0,0,0.0,0,0.0,1,1,7,47,45,0.0,0,0,0,11.0,28,0.4745762711864407,12,0.4285714285714285,33,2,0,0.0,0,0,2,0,0,0,0
Matt,Knote,G,43.0,Redwoods,1,0,0,0,0,0,0,0,0.0,0,0.0,0,0.0,0,0.0,0,0,0,1,1,0.0,0,0,0,0.0,0,0.0,0,0.0,0,0,0,0.0,0,0,0,0,0,0,0
Cole,Kirst,M,47.0,Redwoods,1,0,0,0,0,0,0,2,0.0,1,0.5,0,0.0,0,0.0,1,0,0,8,5,0.0,0,0,0,0.0,0,0.0,0,0.0,0,0,0,0.0,0,0,0,0,0,0,0
Chris,Conlin,D,20.0,Redwoods,10,0,0,0,0,0,0,0,0.0,0,0.0,0,0.0,0,0.0,1,5,28,76,75,0.0,0,0,0,0.0,0,0.0,0,0.0,0,0,2,1.5,0,0,0,0,0,0,0
Max,Merklinger,A,42.0,Archers,2,0,0,0,0,0,0,4,0.0,2,0.5,1,0.0,0,0.0,2,0,1,22,16,0.0,0,0,0,0.0,0,0.0,0,0.0,0,0,0,0.0,0,0,0,0,0,0,0
Chayse,Ierlan,G,22.0,Redwoods,10,0,0,0,0,0,0,1,0.0,0,0.0,1,0.0,0,0.0,3,2,11,135,131,0.0,0,0,0,12.999999999999998,119,0.4958333333333333,38,0.3193277310924369,130,9,0,0.0,0,0,11,0,1,0,0
Alex,Mazzone,LSM,6.0,Whipsnakes,5,0,0,0,0,0,0,2,0.0,1,0.5,2,0.0,1,0.5,0,2,6,11,9,0.0,0,0,0,0.0,0,0.0,0,0.0,0,0,0,0.0,0,0,0,0,0,0,0
Emmet,Carroll,G,19.0,Whipsnakes,7,0,0,0,0,0,0,3,0.0,0,0.0,3,0.0,0,0.0,0,2,15,126,123,0.0,0,0,0,10.714817203234286,95,0.5621301775147929,37,0.3894736842105263,75,1,0,0.0,0,0,3,0,0,0,0
Michael,Boehm,A,91.0,Waterdogs,1,0,0,0,0,0,0,0,0.0,0,0.0,0,0.0,0,0.0,0,0,1,7,7,0.0,0,0,0,0.0,0,0.0,0,0.0,0,0,0,0.0,0,0,0,0,0,0,0
Nick,Rowlett,FO,73.0,Chaos,3,0,0,0,0,0,0,2,0.0,0,0.0,0,0.0,0,0.0,2,1,10,12,8,0.3529411764705882,24,43,68,0.0,0,0.0,0,0.0,0,0,0,0.0,0,0,0,0,0,0,0
Eric,Dobson,M,66.0,Chaos,3,0,0,0,0,0,0,6,0.0,2,0.3333333333333333,2,0.0,1,0.5,5,0,1,53,42,0.0,0,0,0,0.0,0,0.0,0,0.0,0,0,0,0.0,0,0,0,0,0,0,0
Jon,Robbins,LSM,41.0,Archers,1,0,0,0,0,0,0,0,0.0,0,0.0,0,0.0,0,0.0,0,0,0,1,1,0.0,0,0,0,0.0,0,0.0,0,0.0,0,0,0,0.0,0,0,0,0,0,0,0
Chet,Comizio,SSDM,57.0,Atlas,9,0,0,0,0,0,0,3,0.0,1,0.3333333333333333,0,0.0,0,0.0,2,3,8,64,59,0.0,0,1,1,0.0,0,0.0,0,0.0,0,0,5,3.0,0,0,0,0,0,0,0
Nick,Grill,LSM,8.0,Outlaws,5,0,0,0,0,0,0,0,0.0,0,0.0,0,0.0,0,0.0,1,3,9,15,14,0.0,0,0,0,0.0,0,0.0,0,0.0,0,0,0,0.0,0,0,0,0,0,0,0
